date,commits,additions,deletions,diff_size,files_changed,rolling_7d_commits
2025-12-23,24,2142,223,2365,66,24
2025-12-24,52,7977,2112,10089,147,38
2025-12-25,0,0,0,0,0,25.3333
2025-12-26,0,0,0,0,0,19
2025-12-27,61,4085,1091,5176,153,27.4
2025-12-28,89,5564,1063,6627,193,37.6667
2025-12-29,0,0,0,0,0,32.2857
2025-12-30,0,0,0,0,0,28.8571
2025-12-31,0,0,0,0,0,21.4286
2026-01-01,0,0,0,0,0,21.4286
2026-01-02,2,58,61,119,16,21.7143
2026-01-03,0,0,0,0,0,13
2026-01-04,0,0,0,0,0,0.2857
2026-01-05,0,0,0,0,0,0.2857
2026-01-06,36,2384,825,3209,98,5.4286
2026-01-07,81,5786,1256,7042,190,17
2026-01-08,1,97,3,100,4,17.1429
2026-01-09,25,539,176,715,47,20.4286
2026-01-10,0,0,0,0,0,20.4286
2026-01-11,0,0,0,0,0,20.4286
2026-01-12,1,9,2,11,1,20.5714
2026-01-13,14,646,160,806,36,17.4286
2026-01-14,26,1979,257,2236,64,9.5714
2026-01-15,0,0,0,0,0,9.4286
2026-01-16,0,0,0,0,0,5.8571
2026-01-17,0,0,0,0,0,5.8571
2026-01-18,0,0,0,0,0,5.8571
2026-01-19,56,3460,899,4359,110,13.7143
2026-01-20,0,0,0,0,0,11.7143
2026-01-21,21,1453,394,1847,51,11
2026-01-22,0,0,0,0,0,11
2026-01-23,0,0,0,0,0,11
2026-01-24,0,0,0,0,0,11
2026-01-25,0,0,0,0,0,11
2026-01-26,0,0,0,0,0,3
2026-01-27,0,0,0,0,0,3
2026-01-28,0,0,0,0,0,0
2026-01-29,0,0,0,0,0,0
2026-01-30,71,5050,1286,6336,179,10.1429
2026-01-31,0,0,0,0,0,10.1429
2026-02-01,0,0,0,0,0,10.1429
2026-02-02,40,1205,1212,2417,70,15.8571
2026-02-03,95,4083,2069,6152,185,29.4286
2026-02-04,0,0,0,0,0,29.4286
2026-02-05,17,1362,258,1620,40,31.8571
2026-02-06,1,92,1,93,3,21.8571
2026-02-07,0,0,0,0,0,21.8571
2026-02-08,0,0,0,0,0,21.8571
2026-02-09,2,33,12,45,5,16.4286
2026-02-10,12,285,66,351,21,4.5714
2026-02-11,22,656,319,975,43,7.7143
2026-02-12,0,0,0,0,0,5.2857
2026-02-13,0,0,0,0,0,5.1429
2026-02-14,0,0,0,0,0,5.1429
2026-02-15,0,0,0,0,0,5.1429
2026-02-16,0,0,0,0,0,4.8571
2026-02-17,9,127,72,199,14,4.4286
2026-02-18,16,2127,892,3019,50,3.5714
2026-02-19,14,1296,881,2177,26,5.5714
2026-02-20,0,0,0,0,0,5.5714
2026-02-21,0,0,0,0,0,5.5714
2026-02-22,0,0,0,0,0,5.5714
2026-02-23,0,0,0,0,0,5.5714
2026-02-24,0,0,0,0,0,4.2857
2026-02-25,0,0,0,0,0,2
2026-02-26,0,0,0,0,0,0
2026-02-27,0,0,0,0,0,0
2026-02-28,0,0,0,0,0,0
2026-03-01,0,0,0,0,0,0
2026-03-02,0,0,0,0,0,0
2026-03-03,10,751,229,980,29,1.4286
2026-03-04,6,100,59,159,11,2.2857
2026-03-05,4,60,14,74,10,2.8571
2026-03-06,1,5,1,6,1,3
2026-03-07,0,0,0,0,0,3
2026-03-08,0,0,0,0,0,3
2026-03-09,43,2713,1527,4240,89,9.1429
2026-03-10,3,35,16,51,3,8.1429
2026-03-11,22,1294,585,1879,40,10.4286
2026-03-12,36,1411,590,2001,73,15
2026-03-13,106,3809,6905,10714,226,30
2026-03-14,0,0,0,0,0,30
2026-03-15,3,88,90,178,3,30.4286
2026-03-16,7,426,409,835,11,25.2857
2026-03-17,73,2621,856,3477,137,35.2857
2026-03-18,43,1488,377,1865,66,38.2857
2026-03-19,27,1215,347,1562,55,37
2026-03-20,28,1136,138,1274,40,25.8571
2026-03-21,0,0,0,0,0,25.8571
2026-03-22,3,281,82,363,3,25.8571
2026-03-23,35,2757,780,3537,65,29.8571
2026-03-24,35,5834,2209,8043,62,24.4286
2026-03-25,31,2777,1368,4145,71,22.7143
2026-03-26,14,555,171,726,19,20.8571
2026-03-27,2,73,66,139,4,17.1429
2026-03-28,0,0,0,0,0,17.1429
2026-03-29,5,397,166,563,21,17.4286
2026-03-30,0,0,0,0,0,12.4286
2026-03-31,0,0,0,0,0,7.4286
2026-04-01,22,2105,887,2992,102,6.1429
2026-04-02,26,1638,164,1802,41,7.8571
2026-04-03,0,0,0,0,0,7.5714
2026-04-04,0,0,0,0,0,7.5714
2026-04-05,0,0,0,0,0,6.8571
2026-04-06,10,928,155,1083,25,8.2857
2026-04-07,0,0,0,0,0,8.2857
2026-04-08,0,0,0,0,0,5.1429
2026-04-09,0,0,0,0,0,1.4286
2026-04-10,13,781,346,1127,25,3.2857
2026-04-11,0,0,0,0,0,3.2857
2026-04-12,0,0,0,0,0,3.2857
2026-04-13,0,0,0,0,0,1.8571
2026-04-14,0,0,0,0,0,1.8571
2026-04-15,0,0,0,0,0,1.8571
2026-04-16,0,0,0,0,0,1.8571
2026-04-17,0,0,0,0,0,0
2026-04-18,0,0,0,0,0,0
2026-04-19,0,0,0,0,0,0
2026-04-20,0,0,0,0,0,0
2026-04-21,0,0,0,0,0,0
2026-04-22,8,526,100,626,27,1.1429
2026-04-23,0,0,0,0,0,1.1429
2026-04-24,0,0,0,0,0,1.1429
2026-04-25,0,0,0,0,0,1.1429
2026-04-26,0,0,0,0,0,1.1429
2026-04-27,19,1787,188,1975,71,3.8571
2026-04-28,2,68,26,94,2,4.1429
2026-04-29,20,3513,1702,5215,63,5.8571
2026-04-30,0,0,0,0,0,5.8571
2026-05-01,27,1411,513,1924,53,9.7143
2026-05-02,21,1178,285,1463,57,12.7143
2026-05-03,0,0,0,0,0,12.7143
2026-05-04,19,326,211,537,29,12.7143
2026-05-05,9,534,114,648,28,13.7143
2026-05-06,36,2895,927,3822,102,16
2026-05-07,23,1975,796,2771,64,19.2857
2026-05-08,0,0,0,0,0,15.4286
2026-05-09,0,0,0,0,0,12.4286
2026-05-10,0,0,0,0,0,12.4286
2026-05-11,0,0,0,0,0,9.7143
2026-05-12,6,92,50,142,8,9.2857
2026-05-13,2,39,20,59,8,4.4286
2026-05-14,2,417,84,501,5,1.4286
2026-05-15,23,3270,1167,4437,68,4.7143
2026-05-16,1,119,7,126,5,4.8571
2026-05-17,4,708,16,724,15,5.4286
2026-05-18,8,2012,688,2700,40,6.5714
2026-05-19,1,706,107,813,15,5.8571
2026-05-20,15,4321,1142,5463,103,7.7143
2026-05-21,8,1011,152,1163,25,8.5714
2026-05-22,15,1216,232,1448,44,7.4286
2026-05-23,20,2978,613,3591,54,10.1429
2026-05-24,0,0,0,0,0,9.5714
2026-05-25,15,2032,645,2677,52,10.5714
2026-05-26,3,489,42,531,23,10.8571
2026-05-27,72,4390,1627,6017,148,19
2026-05-28,16,1435,196,1631,55,20.1429
2026-05-29,55,6149,2793,8942,180,25.8571
2026-05-30,0,0,0,0,0,23
2026-05-31,0,0,0,0,0,23
2026-06-01,31,3887,811,4698,127,25.2857
2026-06-02,28,2440,441,2881,78,28.8571
2026-06-03,57,4265,1508,5773,127,26.7143
2026-06-04,5,329,155,484,13,25.1429
2026-06-05,20,2171,240,2411,66,20.1429
2026-06-06,0,0,0,0,0,20.1429
2026-06-07,0,0,0,0,0,20.1429
2026-06-08,18,1222,408,1630,48,18.2857
2026-06-09,22,2484,662,3146,87,17.4286
2026-06-10,17,1424,498,1922,42,11.7143
2026-06-11,10,1004,705,1709,62,12.4286
2026-06-12,44,1862,1293,3155,110,15.8571
2026-06-13,22,2541,1091,3632,120,19
2026-06-14,0,0,0,0,0,19
2026-06-15,4,240,60,300,10,17
2026-06-16,0,0,0,0,0,13.8571
2026-06-17,19,2843,1048,3891,108,14.1429
2026-06-18,25,3469,895,4364,84,16.2857
2026-06-19,0,0,0,0,0,10
2026-06-20,3,296,201,497,15,7.2857
2026-06-21,11,1012,44,1056,22,8.8571
2026-06-22,57,5468,952,6420,132,16.4286
2026-06-23,7,480,109,589,20,17.4286
2026-06-24,30,3290,498,3788,101,19
2026-06-25,54,29608,623,30231,136,23.1429
2026-06-26,30,723,254,977,32,27.4286
2026-06-27,0,0,0,0,0,27
2026-06-28,0,0,0,0,0,25.4286
2026-06-29,2,404,86,490,2,17.5714
2026-06-30,10,682,156,838,10,18
2026-07-01,12,1404,810,2214,13,15.4286
2026-07-02,0,0,0,0,0,7.7143
2026-07-03,0,0,0,0,0,3.4286
2026-07-04,0,0,0,0,0,3.4286
2026-07-05,0,0,0,0,0,3.4286
2026-07-06,0,0,0,0,0,3.1429
2026-07-07,0,0,0,0,0,1.7143
2026-07-08,6,1666,91,1757,26,0.8571
2026-07-09,5,780,151,931,5,1.5714
2026-07-10,0,0,0,0,0,1.5714
2026-07-11,0,0,0,0,0,1.5714
2026-07-12,0,0,0,0,0,1.5714
2026-07-13,0,0,0,0,0,1.5714
2026-07-14,7,360,214,574,12,2.5714
2026-07-15,0,0,0,0,0,1.7143
2026-07-16,0,0,0,0,0,1
2026-07-17,3,173,159,332,4,1.4286
2026-07-18,0,0,0,0,0,1.4286
2026-07-19,0,0,0,0,0,1.4286
2026-07-20,3,45,24,69,3,1.8571
2026-07-21,1,1,1,2,1,1
2026-07-22,2,722,0,722,2,1.2857
2026-07-23,2,2009,12,2021,28,1.5714
2026-07-24,0,0,0,0,0,1.1429
2026-07-25,0,0,0,0,0,1.1429
2026-07-26,0,0,0,0,0,1.1429
2026-07-27,18,545,701,1246,21,3.2857
2026-07-28,10,274,92,366,10,4.5714
2026-07-29,15,1843,628,2471,28,6.4286
2026-07-30,10,277,88,365,18,7.5714
2026-07-31,0,0,0,0,0,7.5714
2026-08-01,0,0,0,0,0,7.5714
2026-08-02,0,0,0,0,0,7.5714
2026-08-03,4,43,59,102,4,5.5714
2026-08-04,4,626,6,632,8,4.7143
2026-08-05,22,5376,666,6042,64,5.7143
2026-08-06,19,265,109,374,31,7
2026-08-07,2,203,0,203,2,7.2857
2026-08-08,0,0,0,0,0,7.2857
2026-08-09,0,0,0,0,0,7.2857
2026-08-10,0,0,0,0,0,6.7143
2026-08-11,0,0,0,0,0,6.1429
2026-08-12,34,3474,737,4211,97,7.8571
2026-08-13,42,955,426,1381,73,11.1429
2026-08-14,1,76,1,77,3,11
2026-08-15,8,617,27,644,11,12.1429
2026-08-16,0,0,0,0,0,12.1429
2026-08-17,4,1282,24,1306,12,12.7143
2026-08-18,0,0,0,0,0,12.7143
2026-08-19,18,3466,326,3792,61,10.4286
2026-08-20,19,1574,1088,2662,69,7.1429
2026-08-21,19,5514,2116,7630,81,9.7143
2026-08-22,0,0,0,0,0,8.5714
2026-08-23,0,0,0,0,0,8.5714
2026-08-24,0,0,0,0,0,8
2026-08-25,1,117,2,119,3,8.1429
2026-08-26,6,714,321,1035,24,6.4286
2026-08-27,8,116,127,243,20,4.8571
2026-08-28,8,177,47,224,21,3.2857
2026-08-29,0,0,0,0,0,3.2857
2026-08-30,0,0,0,0,0,3.2857
2026-08-31,0,0,0,0,0,3.2857
2026-09-01,0,0,0,0,0,3.1429
2026-09-02,0,0,0,0,0,2.2857
2026-09-03,13,2429,319,2748,48,3
2026-09-04,2,111,34,145,2,2.1429
2026-09-05,0,0,0,0,0,2.1429
2026-09-06,0,0,0,0,0,2.1429
2026-09-07,0,0,0,0,0,2.1429
2026-09-08,0,0,0,0,0,2.1429
2026-09-09,0,0,0,0,0,2.1429
2026-09-10,0,0,0,0,0,0.2857
2026-09-11,0,0,0,0,0,0
2026-09-12,0,0,0,0,0,0
2026-09-13,0,0,0,0,0,0
2026-09-14,3,352,126,478,16,0.4286
2026-09-15,0,0,0,0,0,0.4286
2026-09-16,2,502,1,503,2,0.7143
2026-09-17,0,0,0,0,0,0.7143
2026-09-18,1,66,4,70,3,0.8571
2026-09-19,0,0,0,0,0,0.8571
2026-09-20,0,0,0,0,0,0.8571
2026-09-21,0,0,0,0,0,0.4286
2026-09-22,0,0,0,0,0,0.4286
2026-09-23,0,0,0,0,0,0.1429
2026-09-24,0,0,0,0,0,0.1429
2026-09-25,0,0,0,0,0,0
2026-09-26,0,0,0,0,0,0
2026-09-27,0,0,0,0,0,0
2026-09-28,0,0,0,0,0,0
2026-09-29,0,0,0,0,0,0
2026-09-30,5,1185,47,1232,13,0.7143
