key,value
total_commits,2711
start_date,2025-12-23
end_date,2026-09-30
calendar_days,282
working_days,137
unique_authors,2
avg_commits_per_calendar_day,9.6135
avg_commits_per_working_day,19.7883
mean_additions_per_commit,90.32
median_additions_per_commit,19
mean_deletions_per_commit,26.15
median_deletions_per_commit,4
mean_diff_per_commit,116.47
median_diff_per_commit,31
stddev_commits_per_day,20.8882
total_additions,244853
total_deletions,70892
net_lines,173961
total_diff_size,315745
ai_commits,2428
ai_commit_share,0.8956
longest_working_streak_days,12
busiest_day,2026-03-13
busiest_day_commits,106
merge_commits,8
