week,commits,working_days,additions,deletions,diff_size,files_changed,avg_diff_per_commit,median_diff_per_commit,avg_additions_per_commit,avg_deletions_per_commit
2025-W52,226,4,19768,4489,24257,559,107.33,30.5,87.47,19.86
2026-W01,2,1,58,61,119,16,59.5,59.5,29,30.5
2026-W02,143,4,8806,2260,11066,339,77.38,32,61.58,15.8
2026-W03,41,3,2634,419,3053,101,74.46,32,64.24,10.22
2026-W04,77,2,4913,1293,6206,161,80.6,36,63.81,16.79
2026-W05,71,1,5050,1286,6336,179,89.24,32,71.13,18.11
2026-W06,153,4,6742,3540,10282,298,67.2,21,44.07,23.14
2026-W07,36,3,974,397,1371,69,38.08,15,27.06,11.03
2026-W08,39,3,3550,1845,5395,90,138.33,26,91.03,47.31
2026-W10,21,4,916,303,1219,51,58.05,19,43.62,14.43
2026-W11,213,6,9350,9713,19063,434,89.5,21,43.9,45.6
2026-W12,181,6,7167,2209,9376,312,51.8,21,39.6,12.2
2026-W13,122,6,12393,4760,17153,242,140.6,43,101.58,39.02
2026-W14,48,2,3743,1051,4794,143,99.88,40.5,77.98,21.9
2026-W15,23,2,1709,501,2210,50,96.09,47,74.3,21.78
2026-W17,8,1,526,100,626,27,78.25,43,65.75,12.5
2026-W18,89,5,7957,2714,10671,246,119.9,26,89.4,30.49
2026-W19,87,4,5730,2048,7778,223,89.4,42,65.86,23.54
2026-W20,38,6,4645,1344,5989,109,157.61,60,122.24,35.37
2026-W21,67,6,12244,2934,15178,281,226.54,89,182.75,43.79
2026-W22,161,5,14495,5303,19798,458,122.97,39,90.03,32.94
2026-W23,141,5,13092,3155,16247,411,115.23,50,92.85,22.38
2026-W24,133,6,10537,4657,15194,469,114.24,38,79.23,35.02
2026-W25,62,5,7860,2248,10108,239,163.03,47,126.77,36.26
2026-W26,178,5,39569,2436,42005,421,235.98,27,222.3,13.69
2026-W27,24,3,2490,1052,3542,25,147.58,25,103.75,43.83
2026-W28,11,2,2446,242,2688,31,244.36,126,222.36,22
2026-W29,10,2,533,373,906,16,90.6,44,53.3,37.3
2026-W30,8,4,2777,37,2814,34,351.75,27.5,347.13,4.63
2026-W31,53,4,2939,1509,4448,77,83.92,32,55.45,28.47
2026-W32,51,5,6513,840,7353,109,144.18,16,127.71,16.47
2026-W33,85,4,5122,1191,6313,184,74.27,19,60.26,14.01
2026-W34,60,4,11836,3554,15390,223,256.5,62.5,197.27,59.23
2026-W35,23,4,1124,497,1621,68,70.48,36,48.87,21.61
2026-W36,15,2,2540,353,2893,50,192.87,91,169.33,23.53
2026-W38,6,3,920,131,1051,21,175.17,61,153.33,21.83
2026-W40,5,1,1185,47,1232,13,246.4,51,237,9.4
